よつば歩音,や
川原えむ＠Vママメイド,か
辞田稲奈,や
椎名ユイ,さ
パルタル,は
Trash G!rls 春夏冬 ふうか,た
TrashG!rls 結城山えん,た
つばめことり,た
どーる,た
くだんぴ,か
丹下琴絵,た
水月まるる,ま
にゅーい,な
エリーナ・ラフィール,あ
安野朱璃,あ
難波こころ,な
葵桜玖耶,さ
テレみ,た
柊早輝,は
なるはやちゃん,な
星藍ハルカ,さ
神咲　桜,か
奥戸8子,あ
雛乃木まや,は
バーチャル転移少女呉葉,は
ミスティー・クレイス,ま
珈茶ユヅカ,か
望月結,ま
いくせん,あ
彼岸のアリス,は
ミミカ・モーフ,ま
猫月桃華(ねこづき とうか),な
つばき つぅ,た
夢乃名菓,や
CocoaMilCrown♕Kiss,か
薔薇鐘 百合花,は
来栖らいあ,か
mint,ま
片葉美々,か
桃星愛花,ま
黒緒ツバメ,か
梅咲ちゃむ,あ
虹色ひらり,な
姫多みらい,は
こばやしネコネ,か
古井戸あすろ,は
柊ナコ,は
七時でん,な
菱餅ノーラ,は
亜珠 はち,あ
日橋喩喜,な
青木林,あ
NOI,な
星井まゆき,は
すのう・あにぅ,さ
一夜　千夜(いちや　ちや),あ
柊瀬凪,は
水鞠リヴィ,ま
よもちだいふく,や
綿雪ひぃ,わ
十乙女トトメ,た
天崎ノエル,あ
REI,ら
肯定ちゃん。,か
紅葉 黑音,あ
蜂乃蜜味,は
アラン リボルト,あ
アピィ,あ
茉仁,ま
花岡もも,は
墓守しゃも,は
嬬恋蓮香,た
エリザベート・フォン・グラマラス,あ
園火 らみ,さ
桜井ユイ,さ
リリス・クロス,ら
兎紗みみ୨୧,あ
唯乃いおな,や
如月ささら,か
月野木チロル,た
八雲曠,や
バーチャル美少女ねむ,は
たるとみつき,た
ぽじねこ,は
橋本天茉音,は
銀髪ハーフエルフ Levi,か
斑鳩 碧,あ
霜月サラ,さ
弥生ヴァル,や
サクラメイ,さ
朱音もあ,あ
桃園彩蘭咲(ももぞのさらさ),ま
白桜みこの,は
神明紺乃,さ
ひぽー先生,は
リリカ,ら
南園そらみ,な
中部ずい,な
桃色 まゆ吾郎,ま
リリス=AH=リリーホワイト,ら
みならいけっとしーうえはす,ま
宵羽コモリ,や
おにちくTRAIN,あ
兎月るあ,た
ドラゴンたつみ,た
雲咲ムト,か
べぇるちゃん（華満べぇる）,は
吉田カエル,や
霍メイ,か
ドコカノうさぎ,た